title,snippet,link,position,date
"Asana Review 2023: Features, Pricing & More","Mar 22, 2023 — Asana is one of the best project management software options on the market, with many different views that can be tailored to all team members ...",https://www.forbes.com/advisor/business/software/asana-review/,0,2023-04-19 16:06:58
Asana Review - The Good and The Bad for 2023,"Mar 22, 2023 — Asana outperforms other project management software in several key ways. It's easy to use, offers a robust Kanban-style interface, ...",https://www.crazyegg.com/blog/asana-review/,1,2023-04-19 16:06:58
"Asana Reviews 2023: Details, Pricing, & Features","Asana is one of the best project management tools with many features, Asana minimizes work and projects can manage with asana easily, it's effortless to use and ...",https://www.g2.com/products/asana/reviews,2,2023-04-19 16:06:58
"Asana Reviews - Pros & Cons, Ratings & more","- Asana is an excellent communication tool, it allows you to eliminate a lot of stress from disorganization in communicating with the team. Problems, requests ...",https://www.getapp.com/collaboration-software/a/asana/reviews/,3,2023-04-19 16:06:58
Asana Review,"Asana is an excellent collaboration tool that helps teams manage all kinds of tasks. Although it may be confusing at first, its flexibility and vast ...",https://www.pcmag.com/reviews/asana,4,2023-04-19 16:06:58
"Asana Review (2023): Pricing, features & alternatives","Asana is indeed one of the best choices for project management software, with a friendly enough user interface and advanced capabilities for general-to-niche ...",https://www.techrepublic.com/article/asana-review/,5,2023-04-19 16:06:58
Asana Reviews & Ratings 2023,Asana is an excellent tool for managing our organization's many projects and tasks. It is a flexible project management tool that has improved team ...,https://www.trustradius.com/products/asana/reviews,6,2023-04-19 16:06:58
"Asana Software Reviews, Demo & Pricing - 2023","Best Free Project Management App for SMB ... Asana is very easy to use, fast, reliable, and powerful. Just with their free version, I've got nothing else to ask ...",https://www.softwareadvice.com/project-management/asana-profile/,7,2023-04-19 16:06:58
Asana Review 2023: Excellent Project Management,"Mar 27, 2023 — Asana Review. Asana is a solid, user-friendly project management tool that will meet most users' needs. While not quite as powerful as some ...",https://www.cloudwards.net/asana-review/,8,2023-04-19 16:06:58
Asana review,"May 6, 2022 — Asana is a task management and collaboration software suite that is incredibly adaptable. The lack of built-in project management ...",https://www.techradar.com/reviews/asana,9,2023-04-19 16:06:58
"Asana Reviews, Ratings & Features 2023","Asana is a friendly management tool that keeps me alert about my pending activities, one of its characteristics that I like that keeps the entire team connected ...",https://www.gartner.com/reviews/market/product-management-roadmapping-tools/vendor/asana/product/asana,10,2023-04-19 16:06:58
Asana Reviews: What Is It Like to Work At Asana?,"Apr 4, 2023 — Asana has an overall rating of 4.7 out of 5, based on over 631 reviews left anonymously by employees. 97% of employees would recommend working ...",https://www.glassdoor.com/Reviews/Asana-Reviews-E567443.htm,11,2023-04-19 16:06:58
"Asana Pricing, Alternatives & More 2023","Jul 7, 2022 — Pros: Asana is an amazing project management software. As I manage my different businesses aside from my main business. I am able to organize ...",https://www.capterra.com/p/184581/Asana-PM/,12,2023-04-19 16:06:58
Asana Reviews 2023,Overall: Asana is a great platform for designers and marketing teams but may not the perfect solution for more business-finance oriented individuals. Asana ...,https://www.capterra.com/p/184581/Asana-PM/reviews/,13,2023-04-19 16:06:58
Asana Review 2023: Is Asana Project Management ...,"Apr 13, 2022 — It's very easy to use. Asana's user interface provides an exceptional user friendly experience. It has been thoughtfully designed to help users ...",https://crm.org/news/asana-review,14,2023-04-19 16:06:58
The Highest Rated Project Management Platform,Over the last few years I have gone through a number of different project management tools and I can say that by my experience ClickUp is by far the best! As ...,https://clickup.com/reviews,0,2023-04-19 16:06:58
"ClickUp Reviews - Pros & Cons, Ratings & more","Overall, I have found ClickUp to be a very valuable tool for managing my work. Pros. I love ClickUp as a project management tool for our team. I like how it's ...",https://www.getapp.com/project-management-planning-software/a/clickup/reviews/,1,2023-04-19 16:06:58
ClickUp Reviews & Product Details,"Overall, ClickUp is an excellent choice for those that are looking for all-in-one productivity platform. The range of features, customisation options, and user- ...",https://www.g2.com/products/clickup/reviews,2,2023-04-19 16:06:58
ClickUp Review - The Good and The Bad for 2023,"Feb 19, 2023 — ClickUp is a solid all-around PM solution. It's a no-brainer for small teams but offers enough features for larger organizations.",https://www.crazyegg.com/blog/clickup-review/,3,2023-04-19 16:06:58
"ClickUp Reviews, Ratings & Features 2023",Excellent platform for organizing tasks and creating to-do lists ... It is an amazing platform that can scale and fuel growth for any business. It has great ...,https://www.gartner.com/reviews/market/collaborative-work-management/vendor/clickup/product/clickup,4,2023-04-19 16:06:58
ClickUp Reviews & Ratings 2023,"Overall, we've found ClickUp to be an incredibly flexible and powerful tool that has helped us to streamline our project management processes and increase ...As a software project manager, I've been using ClickUp to manage my team's projects for several months now, and I've been consistently impressed with how well ...",https://www.trustradius.com/products/clickup/reviews,5,2023-04-19 16:06:58
"ClickUp Review (2023): Key Features, Pricing, Pros & Cons","Mar 17, 2023 — Its impressive free plan, the cost-effectiveness and flexibility of its premium plans, and its high customizability make it all the more worth ...",https://www.techrepublic.com/article/clickup-review/,6,2023-04-19 16:06:58
"ClickUp Software Reviews, Demo & Pricing - 2023","Overall, ClickUp is a great option for individuals or teams looking for a highly customizable project management tool that allows for collaboration, task ...",https://www.softwareadvice.com/project-management/clickup-profile/,7,2023-04-19 16:06:58
"ClickUp Review 2023: Features Tested, Pros and Cons","ClickUp is a highly customizable, cloud-based project management tool. In fact, It's the best project management software we've tested, scoring 4.8/5 overall.",https://tech.co/project-management-software/clickup-review,8,2023-04-19 16:06:58
ClickUp Review: The Pros and Cons of This All-In-One Tool,"5 days ago — Overall, as you might see from this ClickUp review, it is a fantastic project management software. It has plenty of different pricing plans, ...",https://everhour.com/blog/clickup-review/,9,2023-04-19 16:06:58
"ClickUp Review 2023: Top Features, Expert Opinion, + ...",“The most helpful thing that ClickUp has done for me is it has given me the ability to view and organize all my tasks in one place easily. With the click of a ...,https://thedigitalprojectmanager.com/tools/clickup-review/,10,2023-04-19 16:06:58
ClickUp Reviews 2023,"Overall, ClickUp is a powerful and flexible project management tool that offers a lot of value for its users. While there are some areas for improvement, the ...",https://www.capterra.com/p/158833/ClickUp/reviews/,11,2023-04-19 16:06:58
"ClickUp Review 2023: Features, Pros And Cons","Mar 27, 2023 — ClickUp is a great project management tool to help you plan, organize, budget and track the progress of any project. In fact, because of its ...",https://www.forbes.com/advisor/business/software/clickup-review/,12,2023-04-19 16:06:58
"ClickUp Review 2023 | Features, Pricing & User Reviews","Feb 7, 2023 — My review of ClickUp found that team engagement, work focus, and project success are easy to achieve because you can simplify and use it for ...",https://project-management.com/clickup-software-review/,13,2023-04-19 16:06:58
Working at ClickUp,"See what employees say it's like to work at ClickUp. Salaries, reviews, and more - all posted by employees working at ClickUp.","https://www.glassdoor.com/Overview/Working-at-ClickUp-EI_IE2037206.11,18.htm",14,2023-04-19 16:06:58
ClickUp: Productivity Platform Reviews,"ClickUp is a beautifully simple and intuitive platform for managing every project imaginable. ClickUp's core purpose is to remove the frustrations, ...",https://www.trustpilot.com/review/clickup.com,15,2023-04-19 16:06:58
"ClickUp Review 2023 [Pricing, Security & Encryption]","Mar 24, 2023 — Clickup is an interesting project management tool. It offers an excellent free plan and has more options than you can shake a stick at, but ...",https://www.cloudwards.net/clickup-review/,16,2023-04-19 16:06:58
"ClickUp Pricing, Demo, Reviews, Features",ClickUp has a 'excellent' User Satisfaction Rating of 94% when considering 9914 user reviews from 6 recognized software review sites. Leave your review. Key ...,https://www.selecthub.com/p/project-management-software/clickup/,17,2023-04-19 16:06:58
Working at ClickUp: 6 Reviews,"Customer Support is the worst department to work for at ClickUp. Managers are very inexperienced, unknowledgeable and hard to approach. There is no room for ...",https://www.indeed.com/cmp/Clickup-1/reviews,18,2023-04-19 16:06:58
ClickUp Review 2023: Best Project Management Tool?,"ClickUp is an excellent project management software tool, but is it the best? In this ClickUp review, we explore it's features in depth.",https://theprocesshacker.com/blog/clickup-review/,19,2023-04-19 16:06:58
The best project management software for small ...,"Mar 28, 2023 — The best project management tools for small teams · Asana for ultimate project flexibility · Trello for Kanban (and beyond) · Paymo for managing ...",https://zapier.com/blog/best-project-management-software-small-business/,0,2023-04-19 16:06:58
10 Best Project Management Software For Small Business,6 days ago — Overviews Of The Best Project Management Software For Small Business · monday.com · Wrike · ClickUp · Height · Zoho Projects · Kintone · Forecast.,https://thedigitalprojectmanager.com/tools/best-project-management-software-for-small-business/,1,2023-04-19 16:06:58
Best Project Management Software Of 2023,"Mar 29, 2023",https://www.forbes.com/advisor/business/software/best-project-management-software/,2,2023-04-19 16:06:58
Best Project Management for Small Business in 2023 [Free ...,"Mar 24, 2023 — Is There a Good Free Project Management Software for Small Businesses? Most decent project management apps have a free plan; Asana's and Wrike's ...",https://www.cloudwards.net/best-project-management-software-for-small-business/,3,2023-04-19 16:06:58
12 Project Management Software for Small Teams 2023,"Feb 28, 2023 — TeamGantt — Best project management app for small teams with Gantt charts; Trello — Top easy-to-use kanban boards-based PM platform; Paymo — ...",https://www.business2community.com/workflow/project-management-software-small-teams,4,2023-04-19 16:06:58
The Best Project Management Software for 2023,"GanttPro is one of the best project management apps for beginners. That also means it's a great pick for teams, especially small teams, that don't have an ...",https://www.pcmag.com/picks/the-best-project-management-software,5,2023-04-19 16:06:58
Project Management Software,Feature-rich: Taskworld offers many features to keep everyone on the team happy. That includes planning functionality that any project manager would expect. It ...,https://taskworld.com/blog/10-best-project-management-software-tools-for-small-teams,6,2023-04-19 16:06:58
10 Best project management tools for small teams,"Nov 3, 2022 — Wrike is another great project management tool that can work well with both large and small teams. It's slightly less feature-packed than Zoho, ...",https://plaky.com/blog/best-project-management-tools-for-small-teams/,7,2023-04-19 16:06:58
The 10 best project management software and tools for 2023,"One of the most popular project management software solutions, Asana is the work management platform started by former Facebook developers in 2008. The Silicon ...",https://www.techrepublic.com/article/project-management-software/,8,2023-04-19 16:06:58
8 Best project management software for small business,ClickUp is an intuitive project management solution designed to help small businesses run more efficiently. It offers powerful features such as task assignments ...,https://ifttt.com/explore/best-project-management-software-small-business,9,2023-04-19 16:06:58
11 Best Project Management Software for Small Teams in ...,11 Best Project Management Software for Small Teams in 2023 · 1. Teamhood · 2. Asana · 3. ClickUp · 4. GoodDay · 5. Monday · 6. Nifty · 7. Paymo · 8. TeamGantt.,https://teamhood.com/project-management/project-management-software-for-small-teams/,10,2023-04-19 16:06:58
20 Best Project Management Software Solutions for Small ...,"Mar 3, 2023 — The best project management software for small business is monday.com because it is a highly-customizable system that streamlines workflows ...",https://financesonline.com/top-5-project-management-software-small-business-2017/,11,2023-04-19 16:06:58
The Best Project Management Software for Small Teams ...,"Apr 28, 2022 — For many, Nifty is the best project management software for small teams. It is designed to be an all-in-one workspace. With Nifty, team members ...",https://niftypm.com/blog/best-project-management-software-for-small-teams/,12,2023-04-19 16:06:58
8 Best Project Management Tools for Small Businesses,"Asana is a favorite of most productivity enthusiasts. This online team collaboration tool not only specializes in workflow management, but it also handles the ...",https://www.clariontech.com/blog/8-best-project-management-tools-for-small-businesses,13,2023-04-19 16:06:58
Best project management software for small businesses,"Mar 21, 2023 — For teams that have many tight deadlines, and want a project management solution that offers good time management tools, Wrike is the best ...",https://startups.co.uk/project-management-software/best-project-management-software/,14,2023-04-19 16:06:58
12 Best Project Management Software for Small Teams,"Jul 21, 2022",https://blog.hubstaff.com/best-project-management-software-small-teams/,15,2023-04-19 16:06:58
24 Free Project Management Software Tools For 2023,"Mar 29, 2023 — Hive Solo, the platform's free-forever plan, offers full project management functionality for teams of 1 or 2. This makes it one of the best ...Mar 21, 2023 — ClickUp is the world's highest-rated project management tool and is used by companies like Google, Webflow, and Airbnb. It's got all the ...",https://clickup.com/blog/free-project-management-software/,16,2023-04-19 16:06:58
Top 20 Best Project Management Software: An Overview,"Apr 1, 2022 — It enables project managers as well as entire teams to control their budget, quality management and all documentation exchanged throughout a ...",https://mopinion.com/top-20-best-project-management-software-an-overview/,17,2023-04-19 16:06:58
Best Project Management Software (2023) - Features & Tools,"Mar 29, 2023 — Wrike is the most powerful work management platform on the market, enabling teams to plan projects and collaborate in real time. Our award- ...",https://project-management.com/top-10-project-management-software/,18,2023-04-19 16:06:58
Find the best Small Business Project Management Software,Products 1 - 20 of 338 — Explore FrontRunners · GanttPRO · Flowlu · Agiled · BigTime · Workzone · Kanban Tool · Aha! · FunctionFox ...,https://www.softwareadvice.com/project-management/small-business-comparison/,19,2023-04-19 16:06:58
Project Management Software: Compare Reviews on 430+,"Apr 7, 2023 — Project management software is a type of online collaborative software that helps people plan, schedule, and execute projects.",https://www.g2.com/categories/project-management,20,2023-04-19 16:06:58
Best All-in-One Project Management Software for Small ...,"Apr 3, 2023 — Top Project Management Solutions for Small Teams · 1. Wrike · 2. PSOhub · 3. Monday.com · 4. Smartsheet · 5. Atera.",https://www.psohub.com/blog/best-all-in-one-project-management-software-for-small-teams,21,2023-04-19 16:06:58
16 Best Project Management Software for Small ...,"Apr 25, 2022 — ProProfs Project is a user-friendly project management system, apt for small teams and businesses. It helps align projects, processes, and ...",https://www.proprofsproject.com/blog/best-project-management-software-for-small-businesses/,22,2023-04-19 16:06:58
Top 6 Project Management Software Tools for Small ...,"Dec 3, 2021 — Asana is an online work management solution ideal for personal and team-based project and task management. Is allows users to organize and track ...",https://www.trustradius.com/buyer-blog/top-6-project-management-software-tools-for-small-businesses,23,2023-04-19 16:06:58
20+ Most Widely Used Project Management Apps Compared,"Apr 7, 2023 — The Trello App is a popular visualization tool that helps teams in managing projects by offering multiple tools for optimization. Trello app ...",https://www.simplilearn.com/project-management-apps-article,24,2023-04-19 16:06:58
Top 17 Free Project Management Software Of 2023,"6 days ago — Zoho projects can be used at no cost for up to 3 users, making it a great free project management software for small teams. But for teams with ...",https://hive.com/blog/free-project-management-software/,25,2023-04-19 16:06:58
Best Project Management Software – 2023 Reviews,"Mar 31, 2023 — Created in 2016, ClickUp is a relative newcomer to the world of project management, but in that short time, it's become the best project ...",https://tech.co/project-management-software/best-project-management-software,26,2023-04-19 16:06:58
Simple project management for small teams,"Stay on schedule with a powerful app that lets you assign tasks to team members easily, add scheduling when you need it, and track task due dates and timelines.",https://www.microsoft.com/en-us/microsoft-365/project/simple-project-management,27,2023-04-19 16:06:58
15 Best Project Management Tools for Every ...,"Apr 7, 2023 — Paymo bills itself as a modern and intuitive work management solution for small businesses and remote teams. It includes advanced task ...",https://kissflow.com/project/best-project-management-tools/,28,2023-04-19 16:06:58
A Definitive Guide to Project Management Software,"It allows all team members to access, view, and collaborate on project tasks easily. While it also works for smaller teams, it may be insufficient for large ...",https://www.wrike.com/project-management-guide/project-management-software/,29,2023-04-19 16:06:58
54 Best Project Management Tools for 2023,"HubSpot is an all-in-one CRM tool that combines the power of your marketing, sales, support, and project management teams together. HubSpot's free Marketing Hub ...",https://www.proofhub.com/articles/top-project-management-tools-list,30,2023-04-19 16:06:58
The Best Project Management Software of 2023,"Mar 29, 2023 — Podio is a reasonably priced project management software that will keep your teams on track. The tool boasts comprehensive features so you can ...",https://www.fool.com/the-ascent/small-business/project-management/,31,2023-04-19 16:06:58
10 Free Project Management Software for Small Teams,"Jul 24, 2018 — For startups and small businesses, it's crucial to commence utilizing special project management tools early on to avoid mistakes and ...",https://medium.com/actiresults/8-free-project-management-software-tools-for-small-teams-f9f08a6372d3,32,2023-04-19 16:06:58
The Best Project Management Software (In-Depth Review),Start your 10-day free trial of Zoho Projects Premium or Enterprise for a test drive today. #2 – Wrike Review — The Best for Marketing Teams. Wrike interface ...,https://neilpatel.com/blog/best-project-management-software/,33,2023-04-19 16:06:58
42 Best Project Management Software and Tools (2022 ...,Nutcache is an all-in-one project management tool that includes time tracking and invoicing features. It was built for small teams that bill their clients on a ...,https://www.scoro.com/blog/best-project-management-software-list/,34,2023-04-19 16:06:58
Best Simple Project Management Software- 2023 Review,"Mar 23, 2023 — Smartsheet is where project management meets marketing, integrating with all your marketing apps and tools. ... If you're a marketing team looking ...",https://www.crazyegg.com/blog/best-simple-project-management-software/,35,2023-04-19 16:06:58
Best Free Project Management Software,"monday.com is the best free project management software when it comes to flexibility and customization. Choose and customize views, integrations, and more.",https://monday.com/free-project-management-software,36,2023-04-19 16:06:58
Best project management software of 2023,"Mar 5, 2023 — Over the last few years, Trello has emerged as one of the most popular project management applications. It lets you organize all of your work- ...",https://www.techradar.com/best/best-project-management-software,37,2023-04-19 16:06:58
15 Best Free Project Management Software For Remote ...,15 Best Free Project Management Software For Remote Teams (Features & Pricing Reviewed) · Taskade · Notion · Asana · ProofHub · GoVisually · Hive · Smartsheet · Monday.,https://www.taskade.com/blog/best-free-project-management-software/,38,2023-04-19 16:06:58
11 Best Open Source Project Management Software [Self- ...,"Get a scalable and secure open-source project management tool – Orangescrum to manage agile and simple projects for your teams. It helps you make strategies, ...",https://geekflare.com/open-source-project-management-software/,39,2023-04-19 16:06:58
15 Best Project Management Software in 2023,"Mar 30, 2023 — Asana is among the most popular project management software examples on the market. More than a project management software, this platform is a ...",https://research.com/software/best-project-management-software,40,2023-04-19 16:06:58
18 Best Team Management Software Tools,Asana offers the best of both worlds. · Trello is one of the most popular and well-known free project management software solutions. · Toggl is a time tracking ...,https://friday.app/p/team-management-software,41,2023-04-19 16:06:58
10 Of The Best Team Project Management Tools for 2022,"Aug 10, 2021 — Compare the best project management tools for project managers in 2022 · 1. Teamwork · 2. Jira · 3. ProofHub · 4. Trello · 5. Kissflow Project · 6.",https://www.teamwork.com/project-management-software/,42,2023-04-19 16:06:58
Comparing the Best Project Management Software of 2023,Bottom line · Asana: Great for small to mid-sized remote teams · Liquid Planner: Best project management software for large teams · Teamwork: Easiest software to ...,https://www.getclockwise.com/blog/best-project-management-software,43,2023-04-19 16:06:58
What are the Top Project Management Tools?,"Project management tools are a set of software designed to help project teams to plan a project, track & manage the projects to achieve the defined project ...",https://www.zoho.com/projects/project-management-tools.html,44,2023-04-19 16:06:58
Jira vs Trello vs MS Project vs Asana vs Wrike,"Trello is one of the most popular lightweight project management tools out there. It's favored by startups, small teams, temporary projects and in various other ...",https://www.toptal.com/project-managers/digital/project-management-software,45,2023-04-19 16:06:58
The 11 Best Project Management Software & Tools [2023] ...,"Dec 15, 2022 — Clickup: Best for small teams or startups. Clickup's intuitive and colorful interface makes it easy to understand and adopt. Clickup is a ...",https://asana.com/resources/best-project-management-software,46,2023-04-19 16:06:58
The 13 Best Project Management Tools for Online Teams,"1. monday.com · Known for its ability to improve overall workflow for online teams, · is quickly becoming one of the most popular online project management tools.",https://blog.shift4shop.com/best-project-management-tools,47,2023-04-19 16:06:58
Top 5 Project Management Software & Tools for 2023,"Jan 25, 2023 — monday.com is best for project management across various teams with different functions. · Trello is best for companies that want a quick set up ...",https://technologyadvice.com/blog/project-management/best-project-management-tools/,48,2023-04-19 16:06:58
ProjectManager: Project & Work Management Software,"Award-winning project & work management software designed for teams to plan, track & collaborate online. Get started for free.",https://www.projectmanager.com/,49,2023-04-19 16:06:58
15 Best Project Management Tools for Teams in 2023,"Jul 6, 2022 — Smartsheet. Smartsheet is a cloud-based project management app that enables teams to collaborate on projects and tasks in real-time. It offers a ...",https://www.chanty.com/blog/project-management-tools/,50,2023-04-19 16:06:58
Project management software,Get your team up and running on the project as quickly as possible. Online task management solutions like Jira Core and Confluence allow you to assign tasks and ...,https://www.atlassian.com/project-management-software,51,2023-04-19 16:06:58
Best Project Management Software and Tools in 2023,Bottom line: Asana is our best overall pick thanks to its beautiful interface that packs plenty of powerful tools for a very affordable price.,https://www.business.org/software/project-management/best-project-management-software-and-tools/,52,2023-04-19 16:06:58
10 Best Project Management Software for Remote Teams,"6 days ago — 10 Best Project Management Software for Remote Teams · Workloads: Visually see everyone's workload, assign work, and see if they are ...",https://www.hongkiat.com/blog/project-management-software/,53,2023-04-19 16:06:58
16 Free Project Management Software Options to Keep ...,"Jan 13, 2023 — 2. Wrike ... Wrike stands out as an exceptional project management tool for teams who want the option to customize workflows and edit and revise ...",https://blog.hubspot.com/marketing/free-project-management-software,54,2023-04-19 16:06:58
Best Project Management Software 2023,"ClickUp is an all-in-one productivity platform that eliminates work silos. It's the hub where teams come together to plan, organize, and collaborate on work ...",https://www.capterra.com/project-management-software/,55,2023-04-19 16:06:58
The 63 Best (& Free) Project Management Software of 2023,"Nov 20, 2022 — Suited for teams of every size, Wrike provides flexibility while getting things done. The dashboard of the application comes with multiple ...",https://www.ntaskmanager.com/blog/free-project-management-tools/,56,2023-04-19 16:06:58
10 Best Project Management Apps in 2023 For Android ...,"Mar 20, 2023 — Bonsai is a cloud-based project management app that's ideal for freelancers and small businesses. For starters, it features a massive list of ...",https://www.softwaretestinghelp.com/project-management-apps/,57,2023-04-19 16:06:58
Best Project Management Software,"Mar 28, 2023 — Wrike is a cloud-based software that helps users manage distributed projects and promotes team collaboration. With this program, teams can align ...",https://www.selecthub.com/c/project-management-software/,58,2023-04-19 16:06:58
What project management is suitable for small teams?,"Nov 29, 2020 — Wondering what project management is suitable for small teams? We've compiled a list of the 8 best tools to help you find what you and your ...",https://weareindy.com/blog/what-project-management-is-suitable-for-small-teams,59,2023-04-19 16:06:58
7 Best Project Management Software With Time Tracking,"Apr 10, 2023 — ClickUp is a comprehensive productivity tool that incorporates project management and time-tracking functions to enable teams to work together ...",https://www.miamiherald.com/software-business/article274048990.html,60,2023-04-19 16:06:58
25 Best Project Management Tools for the Smart PM,"Mar 27, 2023 — monday.com is on top of the list for many reasons. This project management software offers an online Work Operating System (Work OS) where you ...",https://userguiding.com/blog/project-management-tools/,61,2023-04-19 16:06:58
Best Project Management Software 2023,"ClickUp is an all-in-one productivity platform that eliminates work silos. It's the hub where teams come together to plan, organize, and collaborate on work ...",https://www.getapp.com/project-management-planning-software/project-management/,62,2023-04-19 16:06:58
Top 20 creative project management software solutions,6 days ago — Trello is one of the most popular and best-loved project management software solutions. It uses Kanban boards to help you manage your projects.,https://filestage.io/blog/creative-project-management-software/,63,2023-04-19 16:06:58
Trello: Manage Your Team's Projects From Anywhere,"Trello is the ultimate project management tool. Start up a board in seconds, automate tedious tasks, and collaborate anywhere, even on mobile.",https://trello.com/,64,2023-04-19 16:06:58
Top 12 best task management software for creative teams ...,Asana has always been one of the most popular task management tools. You can use Asana as a personal to-do list or platform to collaborate with your small teams ...,https://quire.io/compare/best-task-management-software-for-creative-teams,65,2023-04-19 16:06:58
The 6 Best Project Management Software Tools of 2023,"Dec 20, 2022 — No matter your team's size, project management software can help with collaboration, project bottlenecks, workflows, and more. Trello is our top ...",https://www.thebalancemoney.com/best-project-management-software-4175032,66,2023-04-19 16:06:58
"Basecamp: Project management software, online collaboration","Trusted by millions, Basecamp puts everything you need to get work done in one place. It's the calm, organized way to manage projects, work with clients, ...",https://basecamp.com/,67,2023-04-19 16:06:58
Looking for the best project management software for small ...,"May 18, 2021 — OpenProject is available as both cloud and on-premises version. However, for a small team it is most often the easiest in terms of ...",https://www.openproject.org/blog/best-project-management-software-for-small-teams/,68,2023-04-19 16:06:58
Top 20 Free Project Management Software (Updated April ...,Paymo is the right choice for small and medium-sized teams working in the marketing or consultancy niche. It is also an amazing project management option for ...,https://instagantt.com/top-20-project-management-software,69,2023-04-19 16:06:58
List of Top 20+ Project Management Software 2023 (Free & ...,"Basecamp is an all-in-one, best project management software for small teams that wish to work remotely. This PM tool features message board, to-dos, group chat, ...",https://www.softwareworld.co/top-rated-project-management-software/,70,2023-04-19 16:06:58
10 Best Software Development Project Management Tools ...,"Sep 28, 2021 — Asana. Asana is a management tool for small teams. It tracks tasks assigned to team members and the PM can be sure to know who does what.",https://inoxoft.com/blog/10-best-software-development-project-management-tools-for-external-teams/,71,2023-04-19 16:06:58
On-premise Project Management Software | The Best in 2023,Top On-premise Project Management Software ; Kanban Tool · 58 ; Microsoft Project · 18 ; Taiga.io · 75 ; ActiveCollab · 80 ; Jira Software · 4682 ...,https://crozdesk.com/operations-management/project-management-software/f/on-premise-project-management-software,72,2023-04-19 16:06:58
8 Best Project Management Software Tools for 2023 ...,"Best for small businesses ... One of the better-known project management tools available today, Asana is fantastic for keeping track of goals, to-do-lists, and ...",https://findstack.com/the-best-project-management-software/,73,2023-04-19 16:06:58
Best Project Management Software: A Buyers Guide,"5 days ago — Asana is a popular project management and collaboration tool designed to help teams stay organized and on track. Founded in 2008, Asana offers a ...",https://blog.serchen.com/best-project-management-software/,74,2023-04-19 16:06:58
6 Best Project Management Software for Small Businesses ...,"Feb 2, 2023 — Teamwork's intuitive interface makes it easy to create and manage a project Not every business will need the same things from project management ...",https://www.websiteplanet.com/blog/best-project-management-software-small-businesses/,75,2023-04-19 16:06:58
Choosing Project Management Software,"Feb 21, 2023 — Reputable project management apps include Asana Together and Oracle NetSuite. How do I choose project management software? While most high- ...",https://www.businessnewsdaily.com/9976-project-management-software-buyers-guide.html,76,2023-04-19 16:06:58
25 Free Project Management Tools to Try Today,"Sep 7, 2021 — Top 25 Free Project Management Tools · Yodiz is a powerful Scrum tool, and unlike similar software such as VersionOne, offers a forever free ...",https://otter.ai/blog/the-25-free-project-management-tools-to-try-today,77,2023-04-19 16:06:58
5 Best Project Management Tools for Small Teams,"Apr 16, 2021 — 5 Best Project Management Tools for Small Teams · 1. ClickUp · 2. Notion · 3. Hive · 4. Airtable · 5. Wrike.",https://www.guidingtech.com/project-management-tools-for-small-teams/,78,2023-04-19 16:06:58
Top 9 Best Project Management Tools for Virtual Teams,"Feb 3, 2020 — Crocagile. It is good for small and medium-sized companies (which virtual teams often are) since this solution features a lean user-friendly ...",https://www.nimble.com/blog/project-management-tools-virtual-teams/,79,2023-04-19 16:06:58
Project Management Software in Europe,"Wrike's powerful work management platform enables distributed teams to collaborate in real-time on complex projects. Our versatile, cloud-based software is ...",https://sourceforge.net/software/project-management/europe/,80,2023-04-19 16:06:58
The Very Best 14 Task Management Software of April 2023,"Aug 11, 2021 — Full-featured project task management tools (Paymo, Wrike, Basecamp, Asana, Teamwork); Personal task management software (Todoist, Trello, ...",https://www.paymoapp.com/blog/task-management-software/,81,2023-04-19 16:06:58
What's the Best Project Management Software for My Team?,What's the Best Project Management Software for My Team? · For organizations with a project management office: Celoxis · For teams that want to keep it simple: ...,https://www.staples.com/content-hub/leveraging-technology/project-management-solutions,82,2023-04-19 16:06:58
Best Free Task Management Software,"Mar 17, 2023 — Asana is a task and project management software that allows you to keep all the data about your team and work in one place. It's best for teams ...",https://www.timecamp.com/blog/2023/03/best-free-task-software/,83,2023-04-19 16:06:58
7 Project Management Tools & Software For Remote Teams,"Mar 26, 2022 — Best Project Management Software · 1. monday.com · 2. Clickup · 3. Wrike · 4. Notion · 5. Clubhouse (soon to be Shortcut) · 6. ProofHub · 7. Teamwork.",https://nicklafferty.com/reviews/project-management-tools/,84,2023-04-19 16:06:58
23 Best Task Management Software for Getting Things Done,"Paymo is a modern project management solution for small businesses and remote teams. With advanced task management, scheduling, time tracking, collaboration, ...",https://startinfinity.com/blog/best-task-management-software,85,2023-04-19 16:06:58
Best 6 Free Project Management Software in 2023,"Feb 27, 2023 — Why we chose it: GanttPro is an excellent project management app for small teams that need to visually enhance their project planning process ...",https://management.org/free-project-management-software,86,2023-04-19 16:06:58
5 Online Project Management Tools for Small Teams,"Feb 2, 2018 — 1. Trello. Best for: Visual project management, multiple avenues of access, and extensive features. You have likely heard of Trello. And that's ...",https://www.makeuseof.com/tag/online-project-management-tools/,87,2023-04-19 16:06:58
Task Management Software for Teams,Best task management software for your business. ... Whether you're a large or small business; and whether you're managing a small team project or a ...,https://www.ringcentral.com/task-management.html,88,2023-04-19 16:06:58
7 Best Project Management Apps to Boost Productivity,"Mar 14, 2023 — Podio is a great app for medium and large-sized teams working on projects. The special point about Podio is that there are additional features ...",https://www.lifehack.org/articles/technology/the-best-8-project-management-apps.html,89,2023-04-19 16:06:58
Task management - Google Workspace Marketplace,"Trusted by millions, Trello is a visual collaboration tool that gives teams a shared perspective on any project. 4.4• 4,313,190.",https://workspace.google.com/marketplace/category/productivity/task-management,90,2023-04-19 16:06:58
Best Project Management Tools for Agencies in 2023,"ClickUp is one of the fastest-growing project management tools built for teams of all sizes. Every type of team can use the same app to plan, organize, and ...",https://digitalagencynetwork.com/tools/project-management/,91,2023-04-19 16:06:58
Which Microsoft 365 Tools Are Best To Track Projects?,"Feb 14, 2023 — Planner is a Kanban-style task management app. Using very familiar agile tools like buckets and boards, Planner gives teams a visual way to ...",https://www.projectcentral.com/blog/which-office-365-tools-are-best-to-track-projects/,92,2023-04-19 16:06:58
Best Construction Project Management Software (2023),"Mar 15, 2023 — Procore is one of the most popular and complete construction project management software products on the market. Its customer reputation is ...",https://constructioncoverage.com/construction-project-management-software,93,2023-04-19 16:06:58
20 Best (and free) Task Management Software,"Jul 13, 2020 — Nifty is a free task management and project management software that enables an individual and team to manage their tasks in a very ...",https://www.dragapp.com/blog/free-task-management-software/,94,2023-04-19 16:06:58
15 Powerful Enterprise Project Management Software ...,"Jan 7, 2021 — Atlassian's Jira is the #1 agile project management tool for software teams. Jira helps you plan, track, and release software projects.",https://toggl.com/blog/enterprise-project-management-software-solutions,95,2023-04-19 16:06:58
8 Benefits of Using a Project Management Software,"Sep 24, 2020 — Project and resource management tools have the best features to spot resource bottlenecks and insights when to bring more people onto the team, ...",https://www.forecast.app/blog/benefits-of-using-project-management-software,96,2023-04-19 16:06:58
Best Project Management Softwares For Small Teams,"Aug 15, 2020 — Best Project Management Software for Small Teams · 1. ClickUp. ClickUp is cloud-based networking and task management platform that is appropriate ...",https://reachbyte.com/best-project-management-software-for-small-teams/,97,2023-04-19 16:06:58
Best Project Management Software Of 2023,"Mar 29, 2023 — Best Software for Project Management of 2023 ; Monday.com: Best For Startups On A Tight Budget ; Airtable: Best For Data-Driven Companies ; ClickUp ...",https://www.forbes.com/advisor/business/software/best-project-management-software/,0,2023-04-19 16:07:21
15 Best Project Management Software You Need In 2023,"Apr 3, 2023 — 1. monday.com — Best for building custom workflows across teams · 2. ClickUp — Best for unlimited users/seats · 3. Wrike — Best project management ...",https://thedigitalprojectmanager.com/tools/best-project-management-software/,1,2023-04-19 16:07:21
